{
    "parent": "item/generated",
    "textures": {
        "layer0": "item/crossbow_standby"
    },
    "display": {
        "thirdperson_righthand": {
            "rotation": [ -90, -90, -45 ],
            "translation": [ 0, 2, -0.5 ],
            "scale": [ 0.8, 0.8, 0.8 ]
        },
        "thirdperson_lefthand": {
            "rotation": [ -90, 90, 45 ],
            "translation": [ 0, 2, -0.5 ],
            "scale": [ 0.8, 0.8, 0.8 ]
        },
        "firstperson_righthand": {
            "rotation": [ -90, -90, -45 ],
            "translation": [ 1.13, 3.2, -2],
            "scale": [ 0.68, 0.68, 0.68 ]
        },
        "firstperson_lefthand": {
            "rotation": [ 0, 90, -45 ],
            "translation": [ 1.13, 3.2, -2],
            "scale": [ 0.68, 0.68, 0.68 ]
        }
    },
    "overrides": [
        {
            "predicate": {
                "pulling": 1
            },
            "model": "item/crossbow_pulling_0"
        },
        {
            "predicate": {
                "pulling": 1,
                "pull": 0.50
            },
            "model": "item/crossbow_pulling_1"
        },
        {
            "predicate": {
                "pulling": 1,
                "pull": 1.0
            },
            "model": "item/crossbow_pulling_2"
        },
        {
            "predicate": {
                "charged": 1
            },
            "model": "item/crossbow_arrow"
        },
        {
            "predicate": {
                "charged": 1,
                "firework": 1
            },
            "model": "item/crossbow_firework"
        }
    ]
}
